{"cameraMode":{"drawMode":0,"name":"Shaded","section":"Shading Mode"},"sceneLighting":false,"audioPlay":false,"sceneViewState":{"m_AlwaysRefresh":true,"showFog":true,"showSkybox":false,"showFlares":true,"showImageEffects":false,"showParticleSystems":true,"showVisualEffectGraphs":true,"m_FxEnabled":true},"in2DMode":false,"pivot":{"x":0.31184422969818118,"y":-0.11196506768465042,"z":0.019936058670282365},"rotation":{"x":-0.11193419247865677,"y":-0.6956965923309326,"z":0.11104968935251236,"w":-0.7020196318626404},"size":0.31062179803848269,"orthographic":false}