{"cameraMode":{"drawMode":0,"name":"Shaded","section":"Shading Mode"},"sceneLighting":true,"audioPlay":false,"sceneViewState":{"m_AlwaysRefresh":true,"showFog":true,"showSkybox":true,"showFlares":true,"showImageEffects":false,"showParticleSystems":true,"showVisualEffectGraphs":true,"m_FxEnabled":true},"in2DMode":false,"pivot":{"x":0.48218175768852236,"y":0.24009136855602265,"z":0.6845669746398926},"rotation":{"x":-0.23285111784934998,"y":-0.18273359537124635,"z":0.04543376713991165,"w":-0.9550015926361084},"size":0.7142379879951477,"orthographic":false}