{"cameraMode":{"drawMode":0,"name":"Shaded","section":"Shading Mode"},"sceneLighting":true,"audioPlay":false,"sceneViewState":{"m_AlwaysRefresh":true,"showFog":true,"showSkybox":true,"showFlares":true,"showImageEffects":true,"showParticleSystems":true,"showVisualEffectGraphs":true,"m_FxEnabled":true},"in2DMode":false,"pivot":{"x":-2.3478429317474367,"y":4.762154579162598,"z":-6.973623752593994},"rotation":{"x":0.17111967504024507,"y":-0.013224915601313115,"z":0.00027089507784694433,"w":0.9860287308692932},"size":0.47114354372024538,"orthographic":false}