{"cameraMode":{"drawMode":0,"name":"Shaded","section":"Shading Mode"},"sceneLighting":false,"audioPlay":false,"sceneViewState":{"m_AlwaysRefresh":true,"showFog":true,"showSkybox":false,"showFlares":true,"showImageEffects":true,"showParticleSystems":true,"showVisualEffectGraphs":true,"m_FxEnabled":true},"in2DMode":false,"pivot":{"x":0.4189999997615814,"y":0.23199999332427979,"z":0.20399999618530274},"rotation":{"x":-0.20488008856773377,"y":0.30710339546203616,"z":-0.06631920486688614,"w":-0.9276119470596314},"size":0.14525499939918519,"orthographic":false}