{"cameraMode":{"drawMode":0,"name":"Shaded","section":"Shading Mode"},"sceneLighting":false,"audioPlay":false,"sceneViewState":{"m_AlwaysRefresh":true,"showFog":true,"showSkybox":false,"showFlares":true,"showImageEffects":true,"showParticleSystems":true,"showVisualEffectGraphs":true,"m_FxEnabled":true},"in2DMode":false,"pivot":{"x":0.4445214569568634,"y":-0.3093454837799072,"z":-3.8949272632598879},"rotation":{"x":-0.3825560212135315,"y":-0.28357428312301638,"z":0.12652353942394257,"w":-0.8708034157752991},"size":0.44685089588165285,"orthographic":false}