{"cameraMode":{"drawMode":0,"name":"Shaded","section":"Shading Mode"},"sceneLighting":false,"audioPlay":false,"sceneViewState":{"m_AlwaysRefresh":true,"showFog":true,"showSkybox":false,"showFlares":true,"showImageEffects":true,"showParticleSystems":true,"showVisualEffectGraphs":true,"m_FxEnabled":true},"in2DMode":false,"pivot":{"x":-0.23145541548728944,"y":0.05571109056472778,"z":1.3579521179199219},"rotation":{"x":-0.25469958782196047,"y":-0.04199395701289177,"z":0.012946262024343014,"w":-0.96668940782547},"size":0.22736218571662904,"orthographic":false}